Endpoint,IP
"at-01.protonvpn.com","185.244.212.59"
"at-02.protonvpn.com","185.244.212.60"
"at-03.protonvpn.com","185.244.212.61"
"at-04.protonvpn.com","185.244.212.62"
"at-05.protonvpn.com","185.244.212.219"
"at-06.protonvpn.com","185.244.212.220"
"at-07.protonvpn.com","185.244.212.221"
"at-08.protonvpn.com","185.244.212.222"
"au-09.protonvpn.com","45.248.76.131"
"au-10.protonvpn.com","45.248.76.132"
"au-11.protonvpn.com","45.248.76.133"
"au-12.protonvpn.com","45.248.76.134"
"au-13.protonvpn.com","103.212.227.123"
"au-14.protonvpn.com","103.212.227.124"
"au-15.protonvpn.com","103.212.227.125"
"au-16.protonvpn.com","103.212.227.126"
"au-17.protonvpn.com","103.107.196.203"
"au-18.protonvpn.com","103.107.196.204"
"au-19.protonvpn.com","103.107.196.205"
"au-20.protonvpn.com","103.107.196.206"
"au-21.protonvpn.com","137.59.253.51"
"au-22.protonvpn.com","137.59.253.52"
"au-23.protonvpn.com","137.59.253.53"
"au-24.protonvpn.com","137.59.253.54"
"au-25.protonvpn.com","137.59.253.56"
"au-26.protonvpn.com","137.59.253.57"
"au-27.protonvpn.com","137.59.253.58"
"au-28.protonvpn.com","137.59.253.59"
"be-01.protonvpn.com","193.9.114.179"
"be-02.protonvpn.com","193.9.114.180"
"be-03.protonvpn.com","193.9.114.181"
"be-04.protonvpn.com","193.9.114.182"
"be-05.protonvpn.com","45.128.133.227"
"be-06.protonvpn.com","45.128.133.228"
"be-07.protonvpn.com","45.128.133.229"
"be-08.protonvpn.com","45.128.133.230"
"be-09.protonvpn.com","45.128.133.231"
"be-10.protonvpn.com","45.128.133.232"
"be-11.protonvpn.com","45.128.133.233"
"be-12.protonvpn.com","45.128.133.234"
"bg-01.protonvpn.com","37.46.114.112"
"bg-02.protonvpn.com","37.46.114.113"
"bg-03.protonvpn.com","37.46.114.114"
"bg-04.protonvpn.com","37.46.114.115"
"br-01.protonvpn.com","181.214.6.68"
"br-02.protonvpn.com","181.214.6.69"
"br-03.protonvpn.com","181.214.6.70"
"br-04.protonvpn.com","181.214.6.71"
"ca-01.protonvpn.com","104.254.92.59"
"ca-02.protonvpn.com","104.254.92.60"
"ca-03.protonvpn.com","104.254.92.61"
"ca-04.protonvpn.com","104.254.92.62"
"ca-05.protonvpn.com","172.83.40.67"
"ca-06.protonvpn.com","172.83.40.68"
"ca-07.protonvpn.com","172.83.40.69"
"ca-08.protonvpn.com","172.83.40.70"
"ca-13.protonvpn.com","162.253.71.19"
"ca-14.protonvpn.com","162.253.71.20"
"ca-15.protonvpn.com","162.253.71.21"
"ca-16.protonvpn.com","162.253.71.22"
"ca-17.protonvpn.com","172.98.82.163"
"ca-18.protonvpn.com","172.98.82.164"
"ca-19.protonvpn.com","172.98.82.165"
"ca-20.protonvpn.com","172.98.82.166"
"ch-05.protonvpn.com","185.159.157.8"
"ch-06.protonvpn.com","185.159.157.9"
"ch-07.protonvpn.com","185.159.157.10"
"ch-08.protonvpn.com","185.159.157.11"
"ch-10.protonvpn.com","185.159.157.19"
"ch-11.protonvpn.com","185.159.157.20"
"ch-12.protonvpn.com","185.159.157.21"
"ch-13.protonvpn.com","185.159.157.22"
"ch-14.protonvpn.com","193.36.117.235"
"ch-15.protonvpn.com","193.36.117.236"
"ch-16.protonvpn.com","193.36.117.237"
"ch-17.protonvpn.com","193.36.117.238"
"cr-01.protonvpn.com","190.184.199.3"
"cr-02.protonvpn.com","190.184.199.4"
"cr-04.protonvpn.com","190.184.199.6"
"cz-01.protonvpn.com","185.242.6.3"
"cz-02.protonvpn.com","185.242.6.4"
"cz-03.protonvpn.com","185.242.6.5"
"cz-04.protonvpn.com","185.242.6.6"
"cz-05.protonvpn.com","217.138.199.163"
"cz-06.protonvpn.com","217.138.199.164"
"cz-07.protonvpn.com","217.138.199.165"
"cz-08.protonvpn.com","217.138.199.166"
"cz-09.protonvpn.com","217.138.199.167"
"cz-10.protonvpn.com","217.138.199.168"
"cz-11.protonvpn.com","217.138.199.169"
"cz-12.protonvpn.com","217.138.199.170"
"de-01.protonvpn.com","37.58.58.229"
"de-02.protonvpn.com","37.58.58.230"
"de-03.protonvpn.com","37.58.58.231"
"de-04.protonvpn.com","37.58.58.232"
"de-09.protonvpn.com","82.102.16.195"
"de-10.protonvpn.com","82.102.16.196"
"de-11.protonvpn.com","82.102.16.197"
"de-12.protonvpn.com","82.102.16.198"
"de-13.protonvpn.com","37.120.217.163"
"de-14.protonvpn.com","37.120.217.164"
"de-15.protonvpn.com","37.120.217.165"
"de-16.protonvpn.com","37.120.217.166"
"de-17.protonvpn.com","37.120.217.167"
"de-18.protonvpn.com","37.120.217.168"
"de-19.protonvpn.com","37.120.217.169"
"de-20.protonvpn.com","37.120.217.170"
"dk-01.protonvpn.com","95.174.65.3"
"dk-02.protonvpn.com","95.174.65.4"
"dk-03.protonvpn.com","95.174.65.5"
"dk-04.protonvpn.com","95.174.65.6"
"dk-05.protonvpn.com","45.12.221.227"
"dk-06.protonvpn.com","45.12.221.228"
"dk-07.protonvpn.com","45.12.221.229"
"dk-08.protonvpn.com","45.12.221.230"
"dk-09.protonvpn.com","45.12.221.231"
"dk-10.protonvpn.com","45.12.221.232"
"dk-11.protonvpn.com","45.12.221.233"
"dk-12.protonvpn.com","45.12.221.234"
"ee-01.protonvpn.com","165.231.178.18"
"ee-02.protonvpn.com","165.231.178.19"
"ee-03.protonvpn.com","165.231.178.20"
"ee-04.protonvpn.com","165.231.178.21"
"ee-05.protonvpn.com","165.231.178.22"
"ee-06.protonvpn.com","165.231.178.23"
"ee-07.protonvpn.com","165.231.178.24"
"ee-08.protonvpn.com","165.231.178.25"
"es-05.protonvpn.com","195.181.167.147"
"es-06.protonvpn.com","195.181.167.148"
"es-07.protonvpn.com","195.181.167.149"
"es-08.protonvpn.com","195.181.167.150"
"fi-01.protonvpn.com","194.34.132.56"
"fi-02.protonvpn.com","194.34.132.57"
"fi-03.protonvpn.com","194.34.132.58"
"fi-04.protonvpn.com","194.34.132.59"
"fr-05.protonvpn.com","185.94.189.187"
"fr-06.protonvpn.com","185.94.189.188"
"fr-07.protonvpn.com","185.94.189.189"
"fr-08.protonvpn.com","185.94.189.190"
"fr-09.protonvpn.com","194.59.249.19"
"fr-10.protonvpn.com","194.59.249.20"
"fr-11.protonvpn.com","194.59.249.21"
"fr-12.protonvpn.com","194.59.249.22"
"fr-13.protonvpn.com","62.4.18.224"
"fr-14.protonvpn.com","62.4.18.225"
"fr-15.protonvpn.com","62.4.18.226"
"fr-16.protonvpn.com","62.4.18.227"
"fr-17.protonvpn.com","62.4.18.228"
"fr-18.protonvpn.com","62.4.18.229"
"fr-19.protonvpn.com","62.4.18.230"
"fr-20.protonvpn.com","62.4.18.231"
"gr-01.protonvpn.com","185.51.134.195"
"gr-02.protonvpn.com","185.51.134.196"
"gr-03.protonvpn.com","185.51.134.197"
"gr-04.protonvpn.com","185.51.134.198"
"gr-05.protonvpn.com","185.51.134.199"
"gr-06.protonvpn.com","185.51.134.200"
"gr-07.protonvpn.com","185.51.134.201"
"gr-08.protonvpn.com","185.51.134.202"
"hk-01.protonvpn.com","209.58.185.231"
"hk-02.protonvpn.com","209.58.185.232"
"hk-03.protonvpn.com","209.58.185.233"
"hk-04.protonvpn.com","209.58.185.234"
"ie-01.protonvpn.com","5.157.13.3"
"ie-02.protonvpn.com","5.157.13.4"
"ie-03.protonvpn.com","5.157.13.5"
"ie-04.protonvpn.com","5.157.13.6"
"il-01.protonvpn.com","87.239.255.101"
"il-02.protonvpn.com","87.239.255.102"
"il-03.protonvpn.com","87.239.255.103"
"il-04.protonvpn.com","87.239.255.104"
"in-01.protonvpn.com","103.221.233.11"
"in-02.protonvpn.com","103.221.233.12"
"in-03.protonvpn.com","103.224.240.72"
"in-06.protonvpn.com","103.224.240.75"
"is-01.protonvpn.com","185.159.158.100"
"is-02.protonvpn.com","185.159.158.101"
"is-03.protonvpn.com","185.159.158.50"
"is-04.protonvpn.com","185.159.158.51"
"is-05.protonvpn.com","185.159.158.57"
"is-06.protonvpn.com","185.159.158.58"
"is-07.protonvpn.com","185.159.158.107"
"is-08.protonvpn.com","185.159.158.108"
"it-01.protonvpn.com","185.128.27.99"
"it-02.protonvpn.com","185.128.27.100"
"it-03.protonvpn.com","185.128.27.101"
"it-04.protonvpn.com","185.128.27.102"
"jp-09.protonvpn.com","185.242.4.203"
"jp-10.protonvpn.com","185.242.4.204"
"jp-101.protonvpn.com","103.125.234.198"
"jp-102.protonvpn.com","103.125.234.199"
"jp-103.protonvpn.com","103.125.234.200"
"jp-104.protonvpn.com","103.125.234.201"
"jp-105.protonvpn.com","103.125.234.202"
"jp-106.protonvpn.com","103.125.234.203"
"jp-11.protonvpn.com","185.242.4.205"
"jp-12.protonvpn.com","185.242.4.206"
"jp-21.protonvpn.com","103.125.234.204"
"jp-22.protonvpn.com","103.125.234.205"
"jp-23.protonvpn.com","103.125.234.206"
"jp-24.protonvpn.com","103.125.234.207"
"jp-25.protonvpn.com","103.125.234.208"
"jp-26.protonvpn.com","103.125.234.209"
"jp-27.protonvpn.com","103.125.234.210"
"jp-28.protonvpn.com","103.125.234.211"
"jp-29.protonvpn.com","103.125.234.212"
"jp-30.protonvpn.com","103.125.234.213"
"kr-05.protonvpn.com","113.29.230.195"
"kr-06.protonvpn.com","113.29.230.196"
"kr-07.protonvpn.com","113.29.230.197"
"kr-08.protonvpn.com","113.29.230.198"
"kr-09.protonvpn.com","113.29.230.199"
"kr-10.protonvpn.com","113.29.230.200"
"kr-11.protonvpn.com","113.29.230.201"
"kr-12.protonvpn.com","113.29.230.202"
"lt-01.protonvpn.com","85.206.163.145"
"lt-02.protonvpn.com","85.206.163.146"
"lt-03.protonvpn.com","85.206.163.147"
"lt-04.protonvpn.com","85.206.163.148"
"lt-05.protonvpn.com","85.206.163.149"
"lt-06.protonvpn.com","85.206.163.150"
"lt-07.protonvpn.com","85.206.163.151"
"lt-08.protonvpn.com","85.206.163.152"
"lu-05.protonvpn.com","92.223.89.145"
"lu-06.protonvpn.com","92.223.89.146"
"lu-07.protonvpn.com","92.223.89.147"
"lu-08.protonvpn.com","92.223.89.148"
"lu-09.protonvpn.com","92.223.89.149"
"lu-10.protonvpn.com","92.223.89.150"
"lu-11.protonvpn.com","92.223.89.151"
"lu-12.protonvpn.com","92.223.89.152"
"lv-01.protonvpn.com","196.240.54.115"
"lv-02.protonvpn.com","196.240.54.116"
"lv-03.protonvpn.com","196.240.54.117"
"lv-04.protonvpn.com","196.240.54.118"
"lv-05.protonvpn.com","196.240.54.119"
"lv-06.protonvpn.com","196.240.54.120"
"lv-07.protonvpn.com","196.240.54.121"
"lv-08.protonvpn.com","196.240.54.122"
"md-01.protonvpn.com","178.17.168.163"
"md-02.protonvpn.com","178.17.168.164"
"md-03.protonvpn.com","178.17.168.165"
"md-04.protonvpn.com","178.17.168.166"
"md-05.protonvpn.com","178.17.168.167"
"md-06.protonvpn.com","178.17.168.168"
"md-07.protonvpn.com","178.17.168.169"
"md-08.protonvpn.com","178.17.168.170"
"nl-01.protonvpn.com","62.112.9.165"
"nl-02.protonvpn.com","62.112.9.166"
"nl-03.protonvpn.com","62.112.9.167"
"nl-04.protonvpn.com","62.112.9.237"
"nl-05.protonvpn.com","77.247.178.182"
"nl-06.protonvpn.com","77.247.178.183"
"nl-07.protonvpn.com","77.247.178.185"
"nl-08.protonvpn.com","77.247.178.186"
"nl-09.protonvpn.com","89.39.107.208"
"nl-10.protonvpn.com","89.39.107.209"
"nl-101.protonvpn.com","217.23.3.91"
"nl-102.protonvpn.com","217.23.3.92"
"nl-103.protonvpn.com","217.23.3.96"
"nl-104.protonvpn.com","217.23.3.171"
"nl-105.protonvpn.com","89.39.107.202"
"nl-106.protonvpn.com","89.39.107.203"
"nl-107.protonvpn.com","89.39.107.204"
"nl-108.protonvpn.com","89.39.107.205"
"nl-109.protonvpn.com","89.39.107.198"
"nl-11.protonvpn.com","89.39.107.210"
"nl-110.protonvpn.com","89.39.107.199"
"nl-111.protonvpn.com","89.39.107.200"
"nl-112.protonvpn.com","89.39.107.201"
"nl-113.protonvpn.com","89.39.107.194"
"nl-114.protonvpn.com","89.39.107.195"
"nl-115.protonvpn.com","89.39.107.196"
"nl-116.protonvpn.com","89.39.107.197"
"nl-117.protonvpn.com","89.39.107.190"
"nl-118.protonvpn.com","89.39.107.191"
"nl-119.protonvpn.com","89.39.107.192"
"nl-12.protonvpn.com","89.39.107.211"
"nl-120.protonvpn.com","89.39.107.193"
"nl-125.protonvpn.com","109.201.133.22"
"nl-126.protonvpn.com","109.201.133.24"
"nl-127.protonvpn.com","109.201.133.26"
"nl-128.protonvpn.com","109.201.133.30"
"nl-129.protonvpn.com","46.166.142.214"
"nl-13.protonvpn.com","190.2.146.228"
"nl-130.protonvpn.com","46.166.142.215"
"nl-131.protonvpn.com","46.166.142.216"
"nl-132.protonvpn.com","46.166.142.217"
"nl-133.protonvpn.com","46.166.142.219"
"nl-134.protonvpn.com","46.166.142.220"
"nl-135.protonvpn.com","46.166.142.221"
"nl-136.protonvpn.com","46.166.142.222"
"nl-137.protonvpn.com","185.165.241.35"
"nl-138.protonvpn.com","185.165.241.36"
"nl-14.protonvpn.com","190.2.146.230"
"nl-140.protonvpn.com","185.165.241.38"
"nl-141.protonvpn.com","192.40.57.227"
"nl-142.protonvpn.com","192.40.57.228"
"nl-143.protonvpn.com","192.40.57.229"
"nl-144.protonvpn.com","192.40.57.230"
"nl-145.protonvpn.com","192.40.57.232"
"nl-146.protonvpn.com","192.40.57.233"
"nl-147.protonvpn.com","192.40.57.234"
"nl-148.protonvpn.com","192.40.57.235"
"nl-15.protonvpn.com","190.2.146.231"
"nl-16.protonvpn.com","190.2.146.232"
"nl-17.protonvpn.com","192.40.57.51"
"nl-18.protonvpn.com","192.40.57.52"
"nl-19.protonvpn.com","192.40.57.53"
"nl-20.protonvpn.com","192.40.57.54"
"nl-21.protonvpn.com","192.40.57.56"
"nl-22.protonvpn.com","192.40.57.57"
"nl-23.protonvpn.com","192.40.57.58"
"nl-24.protonvpn.com","192.40.57.59"
"nl-25.protonvpn.com","192.40.57.237"
"nl-26.protonvpn.com","192.40.57.238"
"nl-27.protonvpn.com","192.40.57.239"
"nl-28.protonvpn.com","192.40.57.240"
"no-01.protonvpn.com","95.174.66.59"
"no-02.protonvpn.com","95.174.66.60"
"no-03.protonvpn.com","95.174.66.61"
"no-04.protonvpn.com","95.174.66.62"
"no-05.protonvpn.com","37.120.203.83"
"no-06.protonvpn.com","37.120.203.84"
"no-07.protonvpn.com","37.120.203.85"
"no-08.protonvpn.com","37.120.203.86"
"no-09.protonvpn.com","37.120.203.87"
"no-10.protonvpn.com","37.120.203.88"
"no-11.protonvpn.com","37.120.203.89"
"no-12.protonvpn.com","37.120.203.90"
"nz-05.protonvpn.com","116.90.74.243"
"nz-06.protonvpn.com","116.90.74.244"
"nz-07.protonvpn.com","116.90.74.245"
"nz-08.protonvpn.com","116.90.74.246"
"nz-09.protonvpn.com","116.90.74.247"
"nz-10.protonvpn.com","116.90.74.248"
"nz-11.protonvpn.com","116.90.74.249"
"nz-12.protonvpn.com","116.90.74.250"
"pl-01.protonvpn.com","194.99.105.75"
"pl-02.protonvpn.com","194.99.105.76"
"pl-03.protonvpn.com","194.99.105.77"
"pl-04.protonvpn.com","194.99.105.78"
"pl-05.protonvpn.com","54.36.186.49"
"pl-06.protonvpn.com","54.36.186.50"
"pl-07.protonvpn.com","54.36.186.51"
"pl-08.protonvpn.com","54.36.186.52"
"pl-09.protonvpn.com","54.36.186.53"
"pl-10.protonvpn.com","54.36.186.54"
"pl-11.protonvpn.com","54.36.186.55"
"pl-12.protonvpn.com","54.36.186.56"
"pt-01.protonvpn.com","185.174.156.2"
"pt-02.protonvpn.com","185.174.156.3"
"pt-03.protonvpn.com","185.174.156.4"
"pt-04.protonvpn.com","185.174.156.5"
"ro-01.protonvpn.com","109.163.233.83"
"ro-02.protonvpn.com","109.163.233.84"
"ro-03.protonvpn.com","109.163.233.85"
"ro-04.protonvpn.com","109.163.233.86"
"ro-05.protonvpn.com","109.163.233.87"
"ro-06.protonvpn.com","109.163.233.88"
"ro-07.protonvpn.com","109.163.233.89"
"ro-08.protonvpn.com","109.163.233.90"
"rs-01.protonvpn.com","37.46.115.6"
"rs-02.protonvpn.com","37.46.115.7"
"rs-03.protonvpn.com","37.46.115.8"
"rs-04.protonvpn.com","37.46.115.9"
"rs-05.protonvpn.com","37.46.115.10"
"rs-06.protonvpn.com","37.46.115.11"
"rs-07.protonvpn.com","37.46.115.12"
"rs-08.protonvpn.com","37.46.115.13"
"ru-01.protonvpn.com","5.8.16.235"
"ru-02.protonvpn.com","5.8.16.236"
"ru-03.protonvpn.com","5.8.16.237"
"ru-04.protonvpn.com","5.8.16.238"
"ru-05.protonvpn.com","5.8.16.163"
"ru-06.protonvpn.com","5.8.16.164"
"ru-07.protonvpn.com","5.8.16.165"
"ru-08.protonvpn.com","5.8.16.166"
"ru-09.protonvpn.com","5.8.16.167"
"ru-10.protonvpn.com","5.8.16.168"
"ru-11.protonvpn.com","5.8.16.169"
"ru-12.protonvpn.com","5.8.16.170"
"se-01.protonvpn.com","185.159.156.3"
"se-02.protonvpn.com","185.159.156.4"
"se-03.protonvpn.com","185.159.156.5"
"se-04.protonvpn.com","185.159.156.6"
"se-05.protonvpn.com","185.159.156.17"
"se-06.protonvpn.com","185.159.156.18"
"se-07.protonvpn.com","185.159.156.19"
"se-08.protonvpn.com","185.159.156.20"
"se-09.protonvpn.com","79.142.76.71"
"se-10.protonvpn.com","79.142.76.72"
"se-11.protonvpn.com","79.142.76.73"
"se-12.protonvpn.com","79.142.76.74"
"se-13.protonvpn.com","185.246.128.82"
"se-14.protonvpn.com","185.246.128.83"
"se-15.protonvpn.com","185.246.128.84"
"se-16.protonvpn.com","185.246.128.85"
"sg-21.protonvpn.com","209.58.163.227"
"sg-22.protonvpn.com","209.58.163.228"
"sg-23.protonvpn.com","209.58.163.229"
"sg-24.protonvpn.com","209.58.163.230"
"sg-25.protonvpn.com","209.58.163.231"
"sg-26.protonvpn.com","209.58.163.232"
"sg-27.protonvpn.com","209.58.163.233"
"sg-28.protonvpn.com","209.58.163.234"
"sg-29.protonvpn.com","103.107.198.195"
"sg-30.protonvpn.com","103.107.198.196"
"sg-31.protonvpn.com","103.107.198.197"
"sg-32.protonvpn.com","103.107.198.198"
"sg-33.protonvpn.com","103.107.198.199"
"sg-34.protonvpn.com","103.107.198.200"
"sg-35.protonvpn.com","103.107.198.201"
"sg-36.protonvpn.com","103.107.198.202"
"sg-37.protonvpn.com","103.107.199.163"
"sg-38.protonvpn.com","103.107.199.164"
"sg-39.protonvpn.com","103.107.199.165"
"sg-40.protonvpn.com","103.107.199.166"
"sg-42.protonvpn.com","103.107.199.168"
"sg-43.protonvpn.com","103.107.199.169"
"sg-44.protonvpn.com","103.107.199.170"
"sk-01.protonvpn.com","196.245.151.211"
"sk-02.protonvpn.com","196.245.151.212"
"sk-03.protonvpn.com","196.245.151.213"
"sk-04.protonvpn.com","196.245.151.214"
"sk-05.protonvpn.com","196.245.151.215"
"sk-06.protonvpn.com","196.245.151.216"
"sk-07.protonvpn.com","196.245.151.217"
"sk-08.protonvpn.com","196.245.151.218"
"tw-05.protonvpn.com","211.23.95.245"
"tw-06.protonvpn.com","211.23.95.246"
"tw-07.protonvpn.com","211.23.95.247"
"tw-08.protonvpn.com","211.23.95.248"
"tw-09.protonvpn.com","211.23.95.249"
"tw-10.protonvpn.com","211.23.95.250"
"tw-11.protonvpn.com","211.23.95.251"
"tw-12.protonvpn.com","211.23.95.252"
"ua-01.protonvpn.com","91.235.142.210"
"ua-02.protonvpn.com","91.235.142.211"
"ua-03.protonvpn.com","91.235.142.212"
"ua-04.protonvpn.com","91.235.142.213"
"ua-05.protonvpn.com","91.235.142.214"
"ua-06.protonvpn.com","91.235.142.215"
"ua-07.protonvpn.com","91.235.142.216"
"ua-08.protonvpn.com","91.235.142.217"
"uk-05.protonvpn.com","185.44.76.118"
"uk-06.protonvpn.com","185.44.76.119"
"uk-07.protonvpn.com","185.44.76.120"
"uk-08.protonvpn.com","185.44.76.121"
"uk-09.protonvpn.com","78.157.211.235"
"uk-10.protonvpn.com","78.157.211.236"
"uk-11.protonvpn.com","78.157.211.237"
"uk-12.protonvpn.com","78.157.211.238"
"uk-13.protonvpn.com","95.168.185.225"
"uk-14.protonvpn.com","95.168.185.239"
"uk-15.protonvpn.com","95.168.185.250"
"uk-16.protonvpn.com","95.168.185.251"
"uk-17.protonvpn.com","217.138.196.19"
"uk-18.protonvpn.com","217.138.196.20"
"uk-19.protonvpn.com","217.138.196.21"
"uk-20.protonvpn.com","217.138.196.22"
"uk-21.protonvpn.com","217.138.196.23"
"uk-22.protonvpn.com","217.138.196.24"
"uk-23.protonvpn.com","217.138.196.25"
"uk-24.protonvpn.com","217.138.196.26"
"us-az-01.protonvpn.com","199.187.209.27"
"us-az-02.protonvpn.com","199.187.209.28"
"us-az-03.protonvpn.com","199.187.209.29"
"us-az-04.protonvpn.com","199.187.209.30"
"us-ca-01.protonvpn.com","209.58.129.97"
"us-ca-02.protonvpn.com","209.58.129.98"
"us-ca-03.protonvpn.com","209.58.129.99"
"us-ca-04.protonvpn.com","209.58.129.100"
"us-ca-101.protonvpn.com","209.58.142.154"
"us-ca-102.protonvpn.com","209.58.142.155"
"us-ca-103.protonvpn.com","209.58.142.156"
"us-ca-104.protonvpn.com","209.58.142.157"
"us-ca-105.protonvpn.com","209.58.142.158"
"us-ca-106.protonvpn.com","209.58.142.159"
"us-ca-107.protonvpn.com","209.58.142.160"
"us-ca-108.protonvpn.com","209.58.142.161"
"us-ca-117.protonvpn.com","172.83.43.131"
"us-ca-118.protonvpn.com","172.83.43.132"
"us-ca-119.protonvpn.com","172.83.43.133"
"us-ca-120.protonvpn.com","172.83.43.134"
"us-ca-13.protonvpn.com","172.83.43.136"
"us-ca-14.protonvpn.com","172.83.43.137"
"us-ca-15.protonvpn.com","172.83.43.138"
"us-ca-16.protonvpn.com","172.83.43.139"
"us-ga-01.protonvpn.com","66.115.173.163"
"us-ga-02.protonvpn.com","66.115.173.164"
"us-ga-03.protonvpn.com","66.115.173.165"
"us-ga-04.protonvpn.com","66.115.173.166"
"us-ga-05.protonvpn.com","209.209.232.3"
"us-ga-06.protonvpn.com","209.209.232.4"
"us-ga-07.protonvpn.com","209.209.232.5"
"us-ga-08.protonvpn.com","209.209.232.6"
"us-ga-09.protonvpn.com","209.209.232.7"
"us-ga-10.protonvpn.com","209.209.232.8"
"us-ga-11.protonvpn.com","209.209.232.9"
"us-ga-12.protonvpn.com","209.209.232.10"
"us-il-05.protonvpn.com","208.100.43.185"
"us-il-06.protonvpn.com","208.100.43.186"
"us-il-07.protonvpn.com","208.100.43.187"
"us-il-08.protonvpn.com","208.100.43.188"
"us-il-109.protonvpn.com","74.119.146.35"
"us-il-110.protonvpn.com","74.119.146.36"
"us-il-111.protonvpn.com","74.119.146.37"
"us-il-112.protonvpn.com","74.119.146.38"
"us-il-13.protonvpn.com","74.119.146.40"
"us-il-14.protonvpn.com","74.119.146.41"
"us-il-15.protonvpn.com","74.119.146.42"
"us-il-16.protonvpn.com","74.119.146.43"
"us-nj-05.protonvpn.com","192.252.222.35"
"us-nj-06.protonvpn.com","192.252.222.36"
"us-nj-07.protonvpn.com","192.252.222.37"
"us-nj-08.protonvpn.com","192.252.222.38"
"us-nj-09.protonvpn.com","69.10.63.243"
"us-nj-10.protonvpn.com","69.10.63.244"
"us-nj-11.protonvpn.com","69.10.63.245"
"us-nj-12.protonvpn.com","69.10.63.246"
"us-ny-05.protonvpn.com","108.62.49.149"
"us-ny-06.protonvpn.com","108.62.49.152"
"us-ny-07.protonvpn.com","108.62.49.158"
"us-ny-09.protonvpn.com","172.98.93.227"
"us-ny-10.protonvpn.com","172.98.93.228"
"us-ny-101.protonvpn.com","108.62.49.129"
"us-ny-11.protonvpn.com","172.98.93.229"
"us-ny-12.protonvpn.com","172.98.93.230"
"us-tx-01.protonvpn.com","209.58.147.42"
"us-tx-02.protonvpn.com","209.58.147.43"
"us-tx-03.protonvpn.com","209.58.147.44"
"us-tx-05.protonvpn.com","208.84.155.67"
"us-tx-06.protonvpn.com","208.84.155.68"
"us-tx-07.protonvpn.com","208.84.155.69"
"us-tx-08.protonvpn.com","208.84.155.70"
"us-tx-101.protonvpn.com","209.58.147.210"
"us-tx-102.protonvpn.com","209.58.147.238"
"us-tx-103.protonvpn.com","209.58.147.239"
"us-tx-104.protonvpn.com","209.58.147.241"
"us-tx-105.protonvpn.com","209.58.147.242"
"us-tx-106.protonvpn.com","209.58.147.243"
"us-tx-107.protonvpn.com","209.58.147.244"
"us-tx-108.protonvpn.com","209.58.147.245"
"us-ut-01.protonvpn.com","173.231.63.98"
"us-ut-02.protonvpn.com","173.231.63.99"
"us-ut-03.protonvpn.com","173.231.63.100"
"us-ut-04.protonvpn.com","173.231.63.101"
"us-ut-05.protonvpn.com","173.231.63.102"
"us-ut-06.protonvpn.com","173.231.63.103"
"us-ut-07.protonvpn.com","173.231.63.104"
"us-ut-08.protonvpn.com","173.231.63.105"
"us-ut-09.protonvpn.com","173.231.63.82"
"us-ut-10.protonvpn.com","173.231.63.83"
"us-ut-11.protonvpn.com","173.231.63.84"
"us-ut-12.protonvpn.com","173.231.63.85"
"us-ut-13.protonvpn.com","173.231.63.86"
"us-ut-14.protonvpn.com","173.231.63.87"
"us-ut-15.protonvpn.com","173.231.63.88"
"us-ut-16.protonvpn.com","173.231.63.89"
"us-va-01.protonvpn.com","162.210.192.157"
"us-va-02.protonvpn.com","162.210.192.158"
"us-va-03.protonvpn.com","162.210.192.159"
"us-va-04.protonvpn.com","162.210.192.160"
"us-va-101.protonvpn.com","108.59.0.37"
"us-va-102.protonvpn.com","108.59.0.38"
"us-va-103.protonvpn.com","108.59.0.39"
"us-va-104.protonvpn.com","108.59.0.40"
"us-va-105.protonvpn.com","192.96.203.69"
"us-va-106.protonvpn.com","192.96.203.70"
"us-va-107.protonvpn.com","192.96.203.71"
"us-va-108.protonvpn.com","192.96.203.72"
"us-va-109.protonvpn.com","207.244.109.179"
"us-va-110.protonvpn.com","207.244.109.180"
"us-va-111.protonvpn.com","207.244.109.181"
"us-va-112.protonvpn.com","207.244.109.182"
"us-wa-09.protonvpn.com","199.187.211.99"
"us-wa-10.protonvpn.com","199.187.211.100"
"us-wa-11.protonvpn.com","199.187.211.101"
"us-wa-12.protonvpn.com","199.187.211.102"
"us-wa-13.protonvpn.com","199.187.211.104"
"us-wa-14.protonvpn.com","199.187.211.105"
"us-wa-15.protonvpn.com","199.187.211.106"
"us-wa-16.protonvpn.com","199.187.211.107"
"za-05.protonvpn.com","172.107.93.210"
"za-06.protonvpn.com","172.107.93.211"
"za-07.protonvpn.com","172.107.93.212"
"za-08.protonvpn.com","172.107.93.213"
"za-09.protonvpn.com","172.107.93.214"
"za-10.protonvpn.com","172.107.93.215"
"za-11.protonvpn.com","172.107.93.216"
"za-12.protonvpn.com","172.107.93.217"
